{
  "uuid": "67bfc4b4-4e01-4fcb-9a33-0604a145cf4d",
  "description": "Q1: What is the synonym of the word \"Happy\"?",
  "position": 1,
  "type": 1,
  "time_limit": 60,
  "answers": [
    {
      "uuid": "f3dc1323-d8a4-445f-89a2-1b1b06aceb1d",
      "description": "Sad"
    },
    {
      "uuid": "6b56b843-f4cf-4236-b315-48a22e4e1ac3",
      "description": "Angry"
    },
    {
      "uuid": "4bbaa5dd-1bcc-4a76-a7ad-d165e9eaa37a",
      "description": "Lonely"
    },
    {
      "uuid": "922816b6-031d-46c2-a20e-df54737dd216",
      "description": "Joyful"
    }
  ]
}