{
  "uuid": "e5cf2fa9-c0f4-49df-971b-dee05800210f",
  "description": "Q2: What is the antonym of the word \"Cold\"?",
  "position": 2,
  "type": 1,
  "time_limit": 30,
  "answers": [
    {
      "uuid": "5f794d7a-72a2-4f80-82f6-356e6869fbeb",
      "description": "Ice"
    },
    {
      "uuid": "bb6d2f47-0437-4f35-8b6b-ee1f532bc087",
      "description": "Warm"
    },
    {
      "uuid": "6159076d-da66-467b-808c-f79ff67eb4c1",
      "description": "Winter"
    },
    {
      "uuid": "d4b248e8-90d6-4714-af2a-2e2ee6eae120",
      "description": "Freeze"
    }
  ]
}