{
  "uuid": "ee140f99-7f84-4d17-a128-b31877b49f6c",
  "description": "Q3: What does the word \"Generous\" mean?",
  "position": 3,
  "type": 1,
  "time_limit": 60,
  "answers": [
    {
      "uuid": "a961ebbb-ea68-4a5c-83fa-2cf5fb783a8b",
      "description": "Willing to give or share freely"
    },
    {
      "uuid": "12eac762-bfc1-4a49-8b9d-b66e9fdc203e",
      "description": "Being strict or harsh"
    },
    {
      "uuid": "0280cb05-6f57-431c-8bb8-4d0c12af3126",
      "description": "Loving to save money"
    },
    {
      "uuid": "3828c724-7d1d-4185-b409-18c34c94734f",
      "description": "Acting without thinking"
    }
  ]
}